{
    "$schema": "https://raw.githubusercontent.com/DotNetAnalyzers/StyleCopAnalyzers/master/StyleCop.Analyzers/StyleCop.Analyzers/Settings/stylecop.schema.json",
    "settings": {
        "readabilityRules": {
            "allowBuiltInTypeAliases": true
        },
        "documentationRules": {
            "companyName": "Drawbridge Partners, LLC",
            "copyrightText": "Copyright (c) {companyName}. All rights reserved.",
            "headerDecoration": "-----------------------------------------------------------------------"
        },
        "orderingRules": {
            "elementOrder": [
                "kind",
                "constant",
                "accessibility",
                "static",
                "readonly"
            ],
            "usingDirectivesPlacement": "outsideNamespace",
            "blankLinesBetweenUsingGroups": "omit"
        }
    }
}