{
	"info": {
		"_postman_id": "0fb44c8d-694c-4827-8ce9-004bd754ff1c",
		"name": "Drawbridge.SalesforceAccountReconciliation",
		"schema": "https://schema.getpostman.com/json/collection/v2.1.0/collection.json"
	},
	"item": [
		{
			"name": "Setup Data",
			"item": [
				{
					"name": "Health Check and Utils Setup",
					"event": [
						{
							"listen": "test",
							"script": {
								"exec": [
									"pm.response.to.have.status(200);"
								],
								"type": "text/javascript"
							}
						},
						{
							"listen": "prerequest",
							"script": {
								"exec": [
									" //TODO: add util functions here"
								],
								"type": "text/javascript"
							}
						}
					],
					"request": {
						"method": "GET",
						"header": [],
						"url": {
							"raw": "{{api_base_url}}/health",
							"host": [
								"{{api_base_url}}"
							],
							"path": [
								"health"
							]
						}
					},
					"response": []
				}
			]
		}
	],
	"event": [
		{
			"listen": "prerequest",
			"script": {
				"type": "text/javascript",
				"exec": [
					""
				]
			}
		},
		{
			"listen": "test",
			"script": {
				"type": "text/javascript",
				"exec": [
					""
				]
			}
		}
	],
	"variable": []
}